user_id,first_name,last_name,email,created_at
1,Alan,Cox,huberjustin@example.org,2025-02-16 22:37:24.508793
2,Janice,Hurst,alisonweber@example.org,2025-08-31 15:07:15.806305
3,Nichole,Crawford,kevinclark@example.org,2025-07-26 19:42:54.439693
4,Meredith,Weber,allison67@example.net,2025-03-13 03:22:31.731182
5,Melody,Lane,jeffreybush@example.net,2025-02-07 13:11:08.436808
6,Todd,Martin,monica65@example.com,2025-09-18 03:58:56.485779
7,Robin,Thomas,dsuarez@example.com,2025-08-09 13:52:58.431118
8,Ryan,Steele,jennifernelson@example.org,2025-03-04 04:11:52.115155
9,Joshua,Howard,markswilliam@example.net,2025-06-14 09:21:31.648061
10,Alexandra,Wright,melindahunter@example.com,2025-05-14 15:22:50.867445
11,Amanda,Whitaker,allencarter@example.org,2025-09-10 04:02:13.727883
12,Vickie,Lamb,shermanashley@example.net,2025-04-14 00:43:41.009670
13,Lisa,White,villanuevabenjamin@example.com,2025-04-05 03:33:07.251718
14,Todd,Collins,jamie72@example.com,2025-04-13 20:06:12.438108
15,Ashley,Porter,nicholsonelizabeth@example.org,2025-08-15 07:44:22.474207
16,Brenda,Tran,lematthew@example.net,2025-06-11 22:27:21.936917
17,Denise,Walters,hornejenna@example.com,2025-01-20 09:53:36.373987
18,Sonya,Lucas,richardsedward@example.com,2025-09-04 20:37:31.893500
19,Maurice,Collins,fparker@example.org,2025-04-08 06:07:06.406488
20,James,Richards,harrelljoe@example.org,2025-01-30 15:15:25.166901
21,John,Clark,hnelson@example.net,2025-09-07 17:50:31.531404
22,Lisa,Dawson,wbrown@example.net,2025-03-12 22:57:47.439121
23,Thomas,Nelson,westdonna@example.net,2025-02-28 23:21:18.040920
24,Aaron,Short,jody34@example.org,2025-03-04 07:16:45.339235
25,Kimberly,Munoz,derekhodge@example.com,2025-02-13 09:01:02.523225
26,John,Fields,grantwilliam@example.org,2025-05-15 12:12:55.027145
27,Cynthia,Smith,piercesarah@example.org,2025-08-19 04:12:42.056739
28,Brandon,Walker,guerrerokyle@example.org,2025-02-16 03:50:44.728882
29,Stephanie,Heath,ekelley@example.org,2025-01-23 19:09:08.447904
30,Christy,Ward,wgarcia@example.org,2025-04-04 21:44:21.235970
31,Carlos,Miller,mwarner@example.net,2025-08-01 02:35:28.451532
32,Benjamin,Anderson,anthonyphillips@example.org,2025-03-23 15:08:18.068293
33,Hannah,Ramirez,tadams@example.com,2025-01-17 10:19:09.845840
34,Mark,Cross,lauriewagner@example.net,2025-04-08 11:39:13.786062
35,Ian,Hawkins,william43@example.net,2025-07-06 08:36:51.539392
36,Ashley,Cross,ryan43@example.com,2025-02-17 01:38:34.282742
37,Cindy,Moore,walkerbrenda@example.net,2025-08-15 00:42:26.128117
38,Travis,Montgomery,sarahtate@example.org,2025-04-09 18:29:32.652915
39,John,Sanchez,ryanrodriguez@example.net,2025-05-10 22:16:07.628801
40,Michelle,Whitehead,jenna88@example.net,2025-06-07 02:25:47.446347
41,Laura,Simpson,bentoncynthia@example.com,2025-07-22 06:09:13.031144
42,Joshua,Gay,brownsarah@example.org,2025-09-21 14:32:51.151155
43,Laura,Hale,scott01@example.net,2025-01-10 08:34:09.652199
44,Mary,West,thompsonraymond@example.com,2025-01-19 09:34:32.043536
45,Maria,Massey,kbenson@example.org,2025-04-05 12:48:44.101769
46,Michael,Tran,qbeck@example.net,2025-04-17 10:27:09.015026
47,Jane,Smith,stevenfrancis@example.com,2025-06-30 03:05:12.078637
48,Daniel,Garcia,ryan38@example.com,2025-08-10 18:51:24.081854
49,Linda,Castillo,joseph95@example.org,2025-06-25 05:21:11.714817
50,Javier,Kemp,deborahstewart@example.com,2025-06-05 02:20:39.048186
51,Melissa,Liu,daltondonna@example.com,2025-04-29 09:25:20.295425
52,Crystal,Taylor,barreracasey@example.com,2025-03-28 20:30:49.395484
53,Robert,Russo,gboyd@example.net,2025-07-17 22:04:58.727316
54,Charles,Zimmerman,jack83@example.com,2025-07-14 06:02:53.151667
55,Brandi,Wilson,brownlisa@example.org,2025-09-20 07:41:02.342257
56,Amy,Russell,christopher30@example.net,2025-05-11 17:18:01.162440
57,Richard,Johnson,kenneth01@example.net,2025-04-22 05:56:55.906446
58,Edward,Weiss,warejennifer@example.com,2025-07-15 11:04:25.776716
59,Lisa,Greer,walter84@example.org,2025-06-04 02:03:09.139831
60,David,Young,amyguerrero@example.com,2025-04-21 00:29:19.348757
61,Emily,Hernandez,gmonroe@example.com,2025-03-22 22:49:54.737072
62,Anthony,Lloyd,kayla09@example.com,2025-01-23 17:37:09.411700
63,Michael,Palmer,jillian57@example.net,2025-01-17 05:10:01.395291
64,Shannon,Howard,deanna10@example.org,2025-04-04 20:02:01.591534
65,Sharon,Bradley,jessejohnson@example.com,2025-02-08 23:53:26.890036
66,Felicia,Fowler,brownmichelle@example.com,2025-05-20 05:59:56.747858
67,Jonathan,Hart,tmorton@example.net,2025-01-19 09:57:51.481716
68,Eric,Jones,jodithompson@example.com,2025-07-26 02:36:49.385263
69,Caitlin,Kemp,jason83@example.org,2025-07-17 12:00:51.892996
70,Emily,Hatfield,vchristian@example.com,2025-05-21 01:19:31.301334
71,Hunter,Jimenez,andersenstephanie@example.com,2025-05-10 00:59:02.851907
72,Scott,Poole,sampsondawn@example.com,2025-08-25 10:31:02.427360
73,Trevor,Ortiz,christopherfernandez@example.com,2025-07-04 07:40:28.296495
74,Adam,Ferguson,brownsavannah@example.org,2025-09-08 20:57:57.624892
75,Susan,Gallagher,owilson@example.com,2025-04-16 04:41:24.410336
76,Matthew,Knapp,patrickhernandez@example.org,2025-04-01 19:54:14.660361
77,Pamela,Malone,tommyjames@example.com,2025-01-19 17:53:54.534104
78,Regina,Ross,fvelez@example.net,2025-07-03 15:53:08.971344
79,Kendra,Johnson,blankenshipangelica@example.org,2025-04-09 08:06:38.875134
80,Jenna,Brown,karenwilliams@example.org,2025-03-23 17:13:56.605347
81,Jacqueline,Allen,rayjonathan@example.org,2025-01-26 00:20:05.315279
82,Terri,Ware,tscott@example.com,2025-03-25 11:16:33.302563
83,Hayley,Mccormick,willismichael@example.net,2025-01-12 02:43:06.494013
84,Michelle,Barton,leeashley@example.org,2025-08-31 00:04:54.951243
85,Christopher,Donaldson,usullivan@example.org,2025-02-18 11:51:23.527621
86,Christina,Lawson,smithcarlos@example.com,2025-04-07 14:41:22.622071
87,Peter,Johnson,monica36@example.org,2025-03-20 21:03:44.056032
88,Christine,Brown,joshua85@example.net,2025-05-26 19:58:37.026814
89,Hannah,Lee,sara66@example.com,2025-05-17 05:22:37.679438
90,Carolyn,Davidson,wanda32@example.net,2025-05-12 17:30:09.721702
91,Kathleen,Stephens,scottpatty@example.net,2025-03-06 19:19:54.192226
92,Helen,Haynes,fcampbell@example.org,2025-02-18 15:02:12.217750
93,Brooke,Vaughn,ericahansen@example.org,2025-02-26 19:29:58.671628
94,Devon,Vazquez,williamrogers@example.com,2025-06-18 21:00:05.931746
95,Andrew,Chung,conniemcfarland@example.com,2025-07-08 22:41:08.655884
96,Benjamin,Reed,roy72@example.org,2025-01-11 11:06:24.472456
97,Brittany,Ball,fowlerpatrick@example.net,2025-09-27 19:26:05.712529
98,Mallory,Young,ericahouston@example.com,2025-07-23 03:06:34.145013
99,Maria,Brown,jonathan70@example.net,2025-03-24 11:04:45.020805
100,John,Henderson,joneskyle@example.org,2025-02-09 02:24:37.341767
101,Corey,Owen,stephaniefernandez@example.org,2025-03-29 02:16:42.923807
102,Michael,Davis,michael73@example.org,2025-09-25 02:26:24.988504
103,Michelle,Wallace,nelsoncharles@example.net,2025-03-31 08:38:39.158580
104,Amanda,Rose,janet28@example.com,2025-03-18 16:35:15.228709
105,Annette,Nelson,tinaramirez@example.com,2025-07-12 22:24:44.632950
106,Bryce,Williams,robinmendoza@example.com,2025-04-12 13:45:57.195637
107,Tyler,Leach,nfrey@example.org,2025-02-15 07:10:26.604789
108,Barbara,Pacheco,rhondabell@example.net,2025-09-29 16:42:57.651456
109,Denise,Rodriguez,nhenderson@example.com,2025-05-02 03:02:49.493911
110,Scott,Lawrence,uedwards@example.com,2025-07-10 05:59:49.080819
111,Robert,Ingram,perkinsjared@example.org,2025-09-01 01:02:37.278419
112,Jennifer,Brown,baileydebra@example.org,2025-03-28 06:13:22.911366
113,Michael,Phillips,scottedwards@example.net,2025-09-12 15:50:00.533141
114,Carol,Cook,curtis59@example.com,2025-07-18 00:53:51.349656
115,Dawn,Campos,erinwarren@example.com,2025-08-07 07:45:35.041971
116,Brian,Reed,jonathan87@example.com,2025-02-24 12:12:57.039704
117,Michael,Coleman,froy@example.com,2025-04-24 11:32:43.302834
118,John,Miller,wesleyjones@example.org,2025-08-11 20:42:45.781816
119,Steven,Lewis,twall@example.org,2025-07-29 04:15:12.781193
120,Stephanie,Smith,swright@example.org,2025-02-19 19:18:58.810568
121,Vicki,Sanchez,heatherjones@example.com,2025-07-01 15:44:25.863706
122,Kim,Charles,breannaharris@example.net,2025-04-24 21:55:48.721334
123,Jesus,Mcpherson,ehouse@example.org,2025-05-01 07:43:54.257266
124,Crystal,Murphy,jenniferoconnor@example.net,2025-05-20 17:28:22.373452
125,Kevin,Barton,sheila54@example.net,2025-06-12 06:34:34.829823
126,Tyler,White,abigailjordan@example.net,2025-02-28 10:38:05.386137
127,Laura,Stevenson,mkramer@example.com,2025-01-05 21:10:45.258575
128,Jason,Carlson,qhunter@example.net,2025-06-30 11:05:01.608728
129,Karen,Watson,smills@example.com,2025-07-12 15:48:57.813687
130,Donald,Snyder,montesamber@example.net,2025-07-07 10:08:00.131585
131,Steven,Henry,wilsonlaura@example.net,2025-06-06 10:18:01.746570
132,Destiny,Harrison,zimmermantammy@example.org,2025-02-17 11:01:32.500595
133,Joshua,Mccormick,suzanneburke@example.net,2025-04-11 11:54:58.928053
134,Kristine,Booker,marcushayes@example.net,2025-03-12 00:07:16.764206
135,Theresa,Green,oliviacruz@example.net,2025-02-16 15:15:10.402781
136,Benjamin,Martinez,ericproctor@example.com,2025-08-13 02:32:10.878740
137,Sharon,King,dawn06@example.com,2025-04-09 02:25:51.232556
138,Jenna,Johnson,kathleen42@example.com,2025-03-27 00:47:38.145392
139,Andrew,Sanchez,pamela55@example.net,2025-06-08 16:34:30.796887
140,James,Norris,sawyerjason@example.net,2025-09-16 10:04:21.065106
141,Crystal,Johnson,christinacarter@example.com,2025-09-06 20:02:24.116178
142,Emily,Nelson,kirknicole@example.net,2025-09-16 20:51:35.121267
143,Brandi,Marks,olsontammy@example.net,2025-03-27 11:15:12.493492
144,Barry,Alvarez,otaylor@example.com,2025-01-29 11:54:41.550467
145,Christopher,Walker,hunter26@example.org,2025-01-30 12:27:07.435816
146,Kayla,Mueller,casey96@example.org,2025-05-02 02:57:05.169089
147,James,Russell,zperry@example.net,2025-09-12 12:02:10.894804
148,Joyce,Brown,lopezsarah@example.com,2025-04-13 22:51:43.171587
149,Michelle,Cooper,villarrealwendy@example.org,2025-09-24 01:41:14.727990
150,Jennifer,Allen,potterwilliam@example.net,2025-09-11 08:17:43.141939
151,Joseph,Romero,michael86@example.org,2025-08-04 09:45:05.104431
152,Tony,Guzman,christianmcintyre@example.org,2025-02-20 20:25:00.159301
153,Ross,Boyer,oparker@example.com,2025-06-15 22:21:18.828614
154,Jackson,Lewis,brownashley@example.com,2025-07-05 19:13:38.203532
155,Jose,Hart,mitchelllauren@example.net,2025-02-10 15:37:52.147036
156,Carolyn,Dyer,duncanjoseph@example.net,2025-02-07 17:31:33.571004
157,Kathryn,Li,zrich@example.net,2025-06-08 22:31:01.320724
158,David,Burke,schmidtjohn@example.org,2025-04-28 21:20:40.071846
159,Edward,Carter,ubrock@example.com,2025-02-11 12:34:19.430050
160,Brenda,Smith,berrytaylor@example.net,2025-09-14 08:52:45.804572
161,Tracey,Lam,richardadam@example.com,2025-06-24 14:58:04.139359
162,Kevin,Stewart,matthewleon@example.com,2025-08-30 07:33:44.371885
163,Pamela,Espinoza,balleric@example.com,2025-09-06 08:41:57.066328
164,April,Ibarra,lunaroger@example.org,2025-08-03 01:30:21.718091
165,Daniel,Ruiz,stephaniestanley@example.net,2025-07-05 07:31:40.375200
166,Jared,Lee,sharonmartinez@example.net,2025-09-04 22:30:57.214966
167,Allen,Clark,erikasmith@example.com,2025-07-22 21:32:27.006806
168,Christopher,Castillo,ashleyboone@example.net,2025-08-01 00:10:36.716376
169,John,Hicks,traciehampton@example.com,2025-05-02 16:18:44.556838
170,Jonathan,Lester,stephaniebennett@example.com,2025-04-06 13:46:55.445745
171,Jeffrey,Martin,jo43@example.net,2025-05-12 20:47:03.257176
172,Rachel,Wang,scott34@example.net,2025-03-28 16:39:28.017388
173,Stephen,Miller,nancy45@example.net,2025-09-23 05:04:41.287745
174,Cassie,Chapman,dgonzalez@example.com,2025-07-17 16:17:32.334320
175,Jamie,Tanner,avang@example.net,2025-06-03 12:08:19.353394
176,Carlos,Hill,christopher58@example.com,2025-02-15 19:38:23.677660
177,Kelly,Turner,wparks@example.net,2025-06-06 09:13:30.051137
178,James,James,jalexander@example.net,2025-05-30 16:47:23.935677
179,Michael,Anderson,kimberly29@example.org,2025-08-16 12:47:41.050331
180,Rhonda,Gonzalez,paula43@example.org,2025-06-15 11:11:07.407049
181,Jennifer,Chapman,crystal22@example.net,2025-05-08 16:40:50.666357
182,Sarah,Fields,regina30@example.net,2025-02-23 08:57:24.580376
183,Lee,Douglas,walkershelby@example.org,2025-05-16 11:45:13.355200
184,Pamela,Best,claudiacooper@example.net,2025-07-14 15:53:42.859431
185,Francis,Howard,lisa36@example.org,2025-03-06 03:25:48.981327
186,Steven,Walker,qtorres@example.com,2025-04-09 20:58:26.352253
187,Frank,Ferguson,kmatthews@example.org,2025-06-19 10:13:11.057263
188,Jane,Blackburn,bergerkevin@example.net,2025-02-04 15:22:27.272681
189,Laura,Ochoa,zmonroe@example.net,2025-01-14 18:17:38.789509
190,Alexis,Mitchell,solisjohn@example.org,2025-03-28 12:30:10.634469
191,Nancy,Delgado,leeerica@example.org,2025-02-17 10:13:49.617233
192,Jennifer,Fox,carrie39@example.com,2025-07-15 19:11:15.296837
193,Jenna,Wang,fbrown@example.org,2025-08-25 20:30:17.356188
194,Crystal,Lopez,laurenwhite@example.net,2025-09-02 22:28:13.337880
195,Abigail,Berger,lchandler@example.com,2025-08-01 00:29:39.203505
196,Valerie,Lynch,adrianburke@example.net,2025-03-05 08:12:12.821479
197,Michael,Thompson,emily57@example.com,2025-07-25 16:36:37.210218
198,Shawn,Elliott,dawn25@example.net,2025-01-09 13:37:15.378921
199,Heather,Mcneil,johngraves@example.net,2025-08-22 20:19:43.193627
200,Jocelyn,Solomon,omay@example.com,2025-03-02 13:18:42.368190
201,Jennifer,Russell,xkramer@example.com,2025-05-15 09:43:04.415356
202,Whitney,Lane,ramireznicholas@example.org,2025-09-07 05:43:24.913501
203,Andrea,Reynolds,rachel57@example.com,2025-03-20 05:19:20.920274
204,Katherine,Gibson,zhall@example.org,2025-07-05 00:12:49.301553
205,Gabrielle,Mayo,xking@example.net,2025-05-19 13:20:54.163678
206,Rachel,Jones,jeremiahphelps@example.com,2025-07-27 14:00:33.818613
207,Nathaniel,Dominguez,fmoore@example.com,2025-02-05 13:30:01.094513
208,Elizabeth,Mccarthy,stephanie63@example.net,2025-07-27 21:29:48.578502
209,David,Smith,ronald51@example.org,2025-05-16 02:28:13.630576
210,Sydney,Taylor,rhondafarmer@example.com,2025-05-20 21:49:23.379757
211,Jerome,Romero,davidsonkari@example.com,2025-02-08 10:37:20.717254
212,Alexandria,Morrison,deanna68@example.net,2025-08-29 06:25:09.980925
213,Julie,Hines,mparker@example.org,2025-03-11 10:44:32.352283
214,Benjamin,Little,kristin43@example.com,2025-05-12 21:20:57.289271
215,Jean,Odom,brittanyharrison@example.com,2025-07-20 05:41:00.394512
216,Marc,Beard,rfox@example.org,2025-07-22 10:42:11.324380
217,Dennis,Morales,rmann@example.com,2025-02-13 21:59:42.639212
218,Anna,Leach,michael39@example.net,2025-09-01 10:12:37.995004
219,Katherine,Sanford,irodgers@example.net,2025-07-28 09:55:34.156677
220,Emma,Brown,christopher67@example.com,2025-09-11 03:27:39.318564
221,Thomas,Gutierrez,jackiesmith@example.com,2025-06-15 00:23:14.838456
222,Adam,Sullivan,trevorcaldwell@example.org,2025-07-13 23:13:27.778840
223,Doris,Dyer,juliadodson@example.org,2025-05-20 20:06:03.681013
224,Amber,Turner,tommymiller@example.org,2025-08-30 04:52:07.101638
225,Christopher,Hill,hawkinsjames@example.org,2025-03-16 16:12:49.376543
226,Thomas,Hernandez,amandapalmer@example.org,2025-09-14 05:53:20.400289
227,Jennifer,Hensley,jeremygibson@example.net,2025-05-30 04:36:59.129726
228,Michael,Vargas,lphillips@example.com,2025-03-05 14:38:07.846330
229,Elizabeth,Klein,whitecathy@example.com,2025-09-29 21:44:39.975574
230,Frederick,Hill,andrewreyes@example.net,2025-02-02 04:00:23.061488
231,Tiffany,Webb,lynngeorge@example.org,2025-08-27 16:29:15.103360
232,Julie,Mckay,sarah36@example.net,2025-01-29 13:48:04.815731
233,Johnny,Cox,adrian25@example.org,2025-02-22 07:27:36.157529
234,Mariah,Jones,torresmichael@example.net,2025-04-03 17:03:31.994923
235,Emily,Coffey,buchanankathleen@example.org,2025-07-05 21:03:26.913379
236,Andrea,Cabrera,haleymichele@example.com,2025-07-15 08:28:32.073654
237,Alan,Hall,jeffersonsheila@example.net,2025-05-11 16:24:01.352217
238,Matthew,Stewart,nancygarza@example.org,2025-08-25 15:15:23.698880
239,Jacqueline,Davis,andreamorrison@example.com,2025-09-11 22:38:03.220876
240,Laura,Mason,lloydgary@example.net,2025-06-29 08:36:52.070896
241,Patricia,Bond,ashleymacdonald@example.org,2025-01-25 13:22:19.237519
242,Joshua,Love,nicholas78@example.org,2025-04-06 19:59:46.516879
243,Bryan,Cox,gilbertkara@example.com,2025-07-21 21:02:58.268337
244,Aaron,Sanders,gainesmarissa@example.net,2025-07-23 21:30:02.057465
245,Anthony,Brooks,cookjohn@example.org,2025-09-03 10:05:22.021336
246,Thomas,Alvarez,benitezbrittany@example.net,2025-06-26 10:17:13.899907
247,Garrett,Hall,monicafoster@example.com,2025-08-13 05:33:41.416991
248,Heather,Jimenez,james04@example.org,2025-02-08 07:06:42.872369
249,Donna,Phillips,cgonzalez@example.net,2025-06-26 00:40:38.433262
250,Steven,Gill,jennifergarcia@example.net,2025-02-28 09:59:22.125769
251,Jennifer,Schwartz,yoderchelsea@example.org,2025-01-09 23:35:46.404525
252,Katherine,Ayers,elizabeth39@example.net,2025-04-08 05:11:24.005909
253,Jacob,Hawkins,reynoldsbecky@example.net,2025-07-12 23:47:19.083100
254,Amanda,Houston,myersbilly@example.com,2025-07-09 22:44:03.492231
255,Karen,Johnston,phillipsrobert@example.net,2025-08-06 07:26:55.195566
256,Rebecca,Evans,amarsh@example.net,2025-08-20 03:04:10.421798
257,Gregory,Banks,jesse85@example.org,2025-04-06 11:09:57.645377
258,Michael,Hansen,ymarsh@example.net,2025-04-13 19:11:39.817129
259,Lydia,Garza,amandanelson@example.com,2025-09-24 21:27:42.227144
260,Bill,White,joseph76@example.net,2025-08-13 12:04:52.578240
261,Kristen,Cochran,daniel64@example.net,2025-09-06 02:21:40.350728
262,Jennifer,White,waynestevenson@example.org,2025-03-18 19:19:04.812833
263,Erica,Murray,jacob65@example.org,2025-08-03 01:44:05.442312
264,Rachel,Greene,elizabethobrien@example.org,2025-09-23 22:07:56.113320
265,Tony,Coleman,margaretbrennan@example.org,2025-09-13 05:28:10.054998
266,Deborah,Lopez,fishersierra@example.com,2025-03-03 16:00:25.625139
267,Matthew,Thomas,johnneal@example.net,2025-06-21 00:59:28.051899
268,John,Ward,zclarke@example.net,2025-05-22 06:49:00.678056
269,Richard,Burns,rodney44@example.com,2025-07-21 19:14:14.064748
270,Kevin,Wells,vbrown@example.com,2025-07-05 18:24:20.967128
271,Jennifer,Perez,dsanchez@example.org,2025-03-30 16:00:24.465198
272,Lori,Smith,michaelwilliamson@example.org,2025-06-01 13:36:16.430794
273,Jennifer,Ramos,howardbonnie@example.net,2025-06-21 08:47:24.833521
274,Matthew,Norris,ypayne@example.net,2025-02-11 08:53:39.741848
275,Debbie,Orr,owensmark@example.net,2025-08-17 13:47:05.603992
276,Mark,Dennis,lisa67@example.com,2025-04-16 14:30:58.968610
277,Amy,Padilla,qking@example.org,2025-03-06 13:51:16.006765
278,James,Clements,mwalker@example.net,2025-02-16 09:15:09.088487
279,Michelle,Preston,tonya17@example.com,2025-05-07 07:34:01.721298
280,Jason,Murphy,tiffany28@example.net,2025-08-30 01:41:36.455809
281,Michael,Johnson,wbeck@example.net,2025-05-25 05:21:39.160964
282,William,Guzman,nicholasnelson@example.com,2025-01-16 20:24:46.040407
283,Rachel,Dodson,johnmorgan@example.org,2025-05-29 22:35:26.309445
284,Juan,Wilson,valerie44@example.org,2025-02-27 11:10:53.745362
285,Jennifer,Miller,sharonbell@example.net,2025-03-09 21:03:48.079955
286,Albert,Boyle,gary69@example.com,2025-05-27 17:18:58.611936
287,Scott,Bradley,taylortaylor@example.org,2025-08-22 05:43:10.911910
288,Sean,Stewart,brendayoung@example.net,2025-06-09 01:49:37.172385
289,James,Flores,michelle98@example.com,2025-02-04 08:57:01.496495
290,Sarah,Watts,fhogan@example.com,2025-03-19 06:23:20.852623
291,Ryan,Rojas,mmartin@example.org,2025-05-28 12:24:35.041191
292,Austin,Schmidt,xadams@example.org,2025-01-11 20:14:14.771070
293,Crystal,Stewart,obarron@example.org,2025-02-28 07:44:27.215275
294,Anita,Blevins,andrew05@example.org,2025-08-10 02:52:10.125539
295,Emily,Peck,christinewallace@example.org,2025-03-05 10:28:23.964535
296,Laura,Reilly,caseysuarez@example.com,2025-01-17 05:43:25.359741
297,Darlene,Powell,uhatfield@example.org,2025-04-05 01:21:18.660739
298,Jennifer,Pennington,ubrown@example.com,2025-04-30 08:52:34.028769
299,Natalie,Fischer,richard79@example.com,2025-09-16 21:58:52.272470
300,Michael,Murphy,evelyn20@example.net,2025-08-16 17:24:14.355028
301,Autumn,Torres,blee@example.com,2025-05-12 00:10:35.554576
302,Rachel,Miller,williamskathy@example.com,2025-08-15 10:37:03.564619
303,Kenneth,White,melissa95@example.com,2025-06-20 17:20:33.285383
304,Jason,Smith,fischerjessica@example.com,2025-05-12 02:35:13.680157
305,Katelyn,Daugherty,vlivingston@example.org,2025-04-22 00:25:55.082484
306,Heather,Arnold,qfitzgerald@example.com,2025-02-28 23:38:20.337634
307,Clayton,Jennings,alvaradolinda@example.com,2025-09-08 15:27:16.105295
308,Gary,Reyes,matthew40@example.org,2025-03-13 21:07:17.975067
309,Johnny,Beard,foxthomas@example.com,2025-05-10 02:14:23.046961
310,Kenneth,Smith,dennis56@example.net,2025-09-22 14:59:48.940715
311,Barbara,Lara,dalecarter@example.net,2025-02-19 22:22:10.863059
312,Doris,Snyder,egarner@example.com,2025-03-22 09:26:03.564245
313,Jerry,Smith,christine63@example.com,2025-04-11 14:47:36.141748
314,Kelsey,Schroeder,jonathan59@example.com,2025-05-22 02:47:49.832891
315,Megan,Avila,brittany29@example.com,2025-03-12 17:21:32.219270
316,Kimberly,Lee,hayesadam@example.org,2025-08-16 03:56:02.962904
317,William,Phelps,kmcmahon@example.org,2025-03-21 07:09:56.585016
318,John,Chan,michelle52@example.org,2025-05-16 02:09:06.740081
319,Holly,Moran,michael57@example.com,2025-03-13 22:20:26.817570
320,Holly,Simon,ronaldthomas@example.org,2025-01-19 14:45:22.954510
321,Gavin,Perry,ryan17@example.com,2025-07-14 05:30:13.564936
322,Benjamin,Morrow,jason38@example.org,2025-03-13 09:25:06.081932
323,Brandon,Barrett,ylane@example.net,2025-06-28 20:33:42.705435
324,Robert,Tanner,jross@example.net,2025-06-18 18:43:44.039638
325,Jennifer,Mason,rachelcrawford@example.com,2025-03-18 00:18:02.801898
326,Lisa,Craig,morgan16@example.net,2025-05-25 15:25:19.577349
327,Cheryl,Walsh,wmartinez@example.net,2025-02-14 05:01:08.204547
328,Michele,Jensen,mhughes@example.net,2025-02-06 05:39:58.761785
329,Amanda,Clark,reedrandy@example.net,2025-02-28 22:11:14.352751
330,Kathleen,Rogers,moodyjonathan@example.net,2025-09-25 07:06:54.274774
331,Diane,Kim,ashleyclark@example.net,2025-05-10 05:55:25.896759
332,Katherine,Ray,sarah28@example.net,2025-03-25 00:32:10.449764
333,Kelly,Elliott,john10@example.net,2025-01-28 08:37:49.727945
334,Keith,Mitchell,robert65@example.org,2025-05-12 02:22:47.845407
335,Mary,Stewart,christopherrhodes@example.com,2025-02-11 03:13:51.080711
336,Megan,Moss,fleon@example.net,2025-05-26 22:59:41.377537
337,James,Bowers,brandon81@example.net,2025-09-23 12:51:53.532413
338,Michelle,Wood,franknicole@example.net,2025-01-02 02:10:21.883308
339,Gerald,Michael,omoran@example.net,2025-03-01 11:59:58.396925
340,Alex,Davis,tapiatiffany@example.com,2025-09-12 10:41:00.766195
341,John,Lam,simpsonlarry@example.com,2025-06-26 16:08:28.003531
342,Jennifer,Mitchell,andre07@example.net,2025-06-07 03:17:43.182519
343,Carol,Perez,amber54@example.net,2025-05-30 02:05:41.822577
344,Troy,Vasquez,ryan28@example.net,2025-05-02 01:50:36.932041
345,Elizabeth,Reid,adamssteven@example.net,2025-07-02 12:54:53.153307
346,Joshua,Garcia,adam25@example.org,2025-04-02 17:26:57.503506
347,Theresa,Martin,fobrien@example.org,2025-05-25 13:16:47.962643
348,Michelle,Johnson,anneperez@example.net,2025-07-27 04:55:50.920728
349,James,Thomas,xjohnson@example.net,2025-09-30 13:30:35.444039
350,Christopher,Cooke,fphillips@example.org,2025-06-20 14:04:36.520518
351,Wendy,Jones,torressamantha@example.net,2025-03-19 05:18:22.650403
352,Thomas,Graham,sharontaylor@example.net,2025-09-18 11:35:16.378687
353,Andrew,Mays,pfernandez@example.net,2025-02-22 03:01:52.624862
354,William,Evans,roberto14@example.com,2025-04-02 03:59:45.389507
355,Kimberly,Landry,hhawkins@example.com,2025-09-16 12:20:51.248679
356,Michael,Williams,jeff33@example.net,2025-09-23 12:31:53.016587
357,Bruce,Carr,donald53@example.net,2025-04-02 19:42:44.998926
358,Joseph,Navarro,daviszachary@example.org,2025-04-19 10:49:01.697183
359,Deborah,Dunn,justinsmith@example.org,2025-09-05 06:03:53.806354
360,Carla,Dawson,bcollins@example.com,2025-03-02 12:34:19.474813
361,Mary,Winters,collinsjeremy@example.org,2025-05-14 12:29:26.107244
362,Mark,White,wcross@example.net,2025-09-18 08:12:30.545262
363,Christopher,Novak,teresamendez@example.net,2025-03-25 21:37:10.202611
364,Melissa,Palmer,teresa85@example.org,2025-03-11 14:41:23.886825
365,Mary,Johnson,davidbutler@example.com,2025-04-18 09:48:13.437520
366,Lisa,Davis,bryanadams@example.net,2025-01-19 20:57:03.255691
367,Jennifer,Jensen,jeremytaylor@example.net,2025-06-27 10:46:10.675101
368,Michael,Rhodes,eddie42@example.com,2025-01-10 14:47:45.692418
369,Danielle,Campbell,dean94@example.net,2025-03-23 10:18:19.412095
370,Mark,Lester,xavier92@example.net,2025-05-06 11:14:18.259120
371,Steven,Meyer,whitneysmith@example.org,2025-07-06 16:02:42.247462
372,Alicia,Romero,thomas37@example.org,2025-01-02 03:42:27.686568
373,Kara,Moore,luisespinoza@example.com,2025-06-27 13:52:41.928904
374,Angela,Lewis,delgadorobin@example.org,2025-05-23 13:47:36.227927
375,Carolyn,Collins,spatel@example.org,2025-03-26 20:09:36.325526
376,Elizabeth,Parks,rmarquez@example.com,2025-03-15 07:00:29.154862
377,Noah,Hughes,rburke@example.org,2025-02-11 20:20:30.411393
378,Kevin,Smith,ujordan@example.org,2025-03-21 08:44:35.416023
379,Angela,Sullivan,dbarrera@example.com,2025-06-18 07:16:48.499130
380,Katelyn,Jones,kpayne@example.com,2025-06-12 08:36:25.344531
381,Todd,Fisher,areeves@example.com,2025-09-20 07:43:08.717781
382,Amanda,Navarro,john47@example.net,2025-05-09 07:58:21.971036
383,Russell,Carpenter,jimmystephens@example.com,2025-07-07 04:12:06.951619
384,Catherine,Howe,jamesgarcia@example.org,2025-05-31 23:47:17.739211
385,Christopher,Hahn,dowens@example.net,2025-09-15 00:14:14.572892
386,Kathryn,Williams,andrea43@example.net,2025-03-21 12:05:39.487310
387,Leah,Frye,jonesjoseph@example.com,2025-02-15 17:00:07.126040
388,Patrick,Garcia,rosejames@example.net,2025-03-11 12:57:51.720643
389,Frank,Salazar,austinescobar@example.com,2025-02-24 18:50:24.886045
390,Tonya,Cook,jamessutton@example.com,2025-06-14 09:49:22.628221
391,Roberto,Maldonado,anthonygriffith@example.org,2025-05-23 09:40:47.392231
392,Jose,Peters,mrodriguez@example.org,2025-08-11 07:34:34.653568
393,Kenneth,Davidson,christinagregory@example.org,2025-08-22 11:12:05.511384
394,Stephen,Reed,romandaniel@example.net,2025-05-28 05:43:29.656079
395,Melissa,Gonzales,igarner@example.com,2025-04-03 18:14:44.082418
396,Gwendolyn,Hunt,alexis13@example.net,2025-05-12 19:06:41.584620
397,Stephanie,Smith,jackmiller@example.net,2025-09-22 17:43:32.159522
398,Daniel,Daugherty,dixonanthony@example.com,2025-01-15 09:57:22.509554
399,Cindy,Fernandez,sparker@example.com,2025-04-04 00:21:53.878204
400,Jesus,James,zacharyfrazier@example.org,2025-07-05 04:46:06.688913
401,Kathy,Gray,shawn98@example.com,2025-01-17 01:57:43.165486
402,Alexandria,Lynch,nhernandez@example.org,2025-03-31 04:08:37.051578
403,Christopher,Joseph,smithshannon@example.com,2025-09-17 04:29:44.198292
404,Lisa,Miller,romeroalice@example.org,2025-08-30 17:09:01.553754
405,Jessica,Ware,weberchristopher@example.org,2025-09-27 12:09:41.347461
406,Charles,Wallace,mayspatrick@example.net,2025-07-06 20:29:38.458779
407,Anita,Banks,dsnyder@example.org,2025-02-05 15:29:09.508723
408,Gregory,Butler,robertdiaz@example.org,2025-02-27 09:12:14.192973
409,Vanessa,Porter,rodriguezbilly@example.net,2025-02-19 21:11:24.393235
410,Amanda,Cummings,framirez@example.net,2025-03-22 05:41:58.669548
411,Jenna,Klein,karafleming@example.net,2025-02-12 19:39:12.179193
412,Charles,Black,benjamin76@example.com,2025-09-19 08:23:44.772235
413,Michael,English,cherrycole@example.com,2025-08-15 16:58:01.944430
414,Brandy,Stuart,fischererica@example.net,2025-03-07 07:33:53.580619
415,John,Butler,sabrinasanchez@example.net,2025-06-20 22:41:10.363584
416,Thomas,Robinson,yodernicholas@example.net,2025-07-19 21:10:02.407342
417,Kristin,White,eric56@example.net,2025-07-04 10:42:52.486745
418,John,Fuentes,danny98@example.com,2025-07-29 10:55:42.592595
419,Rachel,Smith,webbgrant@example.com,2025-09-29 20:08:45.393320
420,Billy,Moore,qgilmore@example.com,2025-07-28 22:15:01.377889
421,Courtney,Gonzalez,marcus56@example.com,2025-06-18 14:45:09.826806
422,Randy,King,vmarsh@example.org,2025-05-11 20:15:05.699861
423,Kimberly,Gray,karenwood@example.org,2025-02-27 08:39:04.126590
424,Peter,Austin,mannpamela@example.org,2025-08-13 18:02:26.580517
425,Danielle,Mason,garciajanet@example.com,2025-01-22 15:56:23.480568
426,Patrick,Kelly,vincentallen@example.com,2025-09-18 16:42:51.252539
427,David,Duran,cainkenneth@example.net,2025-06-27 21:07:52.098401
428,Marie,Patterson,qacosta@example.com,2025-05-03 10:37:16.358701
429,Natalie,Mercer,jameshopkins@example.net,2025-09-07 03:02:47.046717
430,Alyssa,Chapman,jacob07@example.com,2025-01-06 04:49:21.806813
431,Michael,Rodriguez,brett28@example.org,2025-06-02 23:17:46.896398
432,Shawn,Navarro,dana12@example.net,2025-06-25 12:11:59.042544
433,Kevin,Frye,williamholmes@example.net,2025-06-03 04:21:06.575421
434,Gregory,Williams,klee@example.com,2025-09-09 00:26:52.826058
435,Scott,Dougherty,dixonjoshua@example.net,2025-02-26 14:43:03.351922
436,Monica,Lane,vlowe@example.net,2025-09-21 19:20:27.856771
437,Sheena,Jones,rhughes@example.org,2025-08-14 17:47:07.568665
438,Matthew,Jackson,brownandrew@example.net,2025-06-13 13:58:40.246976
439,Patrick,Brown,daniellehogan@example.net,2025-08-09 16:44:46.966523
440,Jessica,Paul,melissacobb@example.net,2025-03-19 02:17:49.654996
441,Craig,Garcia,pdavis@example.net,2025-03-18 11:05:40.420757
442,Richard,Larson,carsonstephen@example.net,2025-08-11 15:22:15.169611
443,Garrett,Gamble,nicholasleonard@example.com,2025-09-23 10:33:19.563677
444,Robert,Gibbs,piercelori@example.com,2025-05-21 12:28:44.991253
445,Glenn,Yang,thomas75@example.net,2025-07-06 20:52:30.568196
446,Amy,Jackson,kevinschroeder@example.net,2025-03-30 10:31:42.442822
447,Rebecca,Fletcher,harrisjuan@example.org,2025-01-02 00:53:43.637979
448,Donna,Allen,ajones@example.com,2025-05-10 17:22:36.989610
449,Beth,Barton,williamsrobert@example.org,2025-02-05 13:49:49.258765
450,Joseph,Bruce,mendozachristine@example.org,2025-08-06 16:35:44.859794
451,Joseph,Richmond,thomas80@example.org,2025-04-25 10:12:02.753758
452,John,Chandler,ggardner@example.net,2025-03-10 10:36:49.695493
453,Amanda,Vang,cheryl81@example.org,2025-08-25 05:38:42.078635
454,Jennifer,Moses,james47@example.org,2025-05-14 21:03:31.609373
455,Brett,Walters,janet07@example.net,2025-02-21 15:03:24.805907
456,Stanley,Cook,gloria45@example.com,2025-09-24 08:50:30.299289
457,Maria,Blackwell,elizabeth52@example.org,2025-05-26 21:48:42.604620
458,Jennifer,Jensen,sara31@example.net,2025-09-01 11:20:27.275311
459,John,Carrillo,jonestara@example.net,2025-01-17 08:29:37.084372
460,Matthew,Baker,iellis@example.net,2025-09-06 00:58:28.319164
461,Michelle,Morales,jeremy31@example.net,2025-01-10 23:52:49.080571
462,Bobby,Flynn,meyerclaudia@example.org,2025-09-23 13:24:45.926468
463,Amanda,Richardson,hriley@example.com,2025-05-04 11:39:30.582387
464,Adam,Chandler,ocoleman@example.org,2025-04-02 23:02:20.552549
465,Eileen,Cole,jlee@example.com,2025-05-30 22:56:27.992158
466,Logan,Mason,jenkinslance@example.org,2025-02-07 03:41:00.899395
467,Michele,Crane,ydurham@example.com,2025-06-24 08:13:53.387673
468,Lauren,Barron,ataylor@example.com,2025-08-14 02:29:10.334451
469,Danielle,Walls,gary38@example.com,2025-01-17 00:31:53.379421
470,Karen,Jarvis,penny81@example.com,2025-09-15 21:24:15.786854
471,Melissa,Brooks,jasminerose@example.net,2025-01-01 17:51:36.233801
472,Patricia,West,laurajimenez@example.net,2025-01-07 09:19:04.770780
473,Sandra,Taylor,omurray@example.com,2025-06-12 06:34:08.942962
474,Brandon,Mcclain,curtisnicole@example.com,2025-03-20 15:30:46.660002
475,Catherine,Oconnor,olandry@example.org,2025-05-28 02:21:25.416462
476,James,Cox,mary21@example.com,2025-08-30 16:55:36.605245
477,Laura,Smith,ashleyrasmussen@example.net,2025-01-08 08:30:07.040331
478,Daniel,Dodson,alyssa27@example.com,2025-04-09 02:31:16.392115
479,Peter,Cardenas,thouston@example.org,2025-05-07 00:35:25.452511
480,Cheryl,Pacheco,aaronfoster@example.com,2025-05-01 08:22:15.902754
481,Michelle,Walker,mcdonaldlance@example.com,2025-05-19 08:09:46.011946
482,Anne,Clark,shelby10@example.net,2025-04-26 11:44:45.285964
483,Ashley,Walker,mroberson@example.org,2025-05-26 05:04:18.748868
484,Lisa,Proctor,edwardsangela@example.com,2025-01-29 18:24:58.408415
485,David,Richmond,greendaniel@example.com,2025-08-26 03:37:47.534185
486,Pamela,Smith,brooke44@example.com,2025-01-06 10:59:38.140489
487,Shirley,Young,veronica40@example.org,2025-06-12 08:28:05.864555
488,Marc,Gray,qrojas@example.org,2025-06-05 17:34:48.443912
489,Jane,Molina,gonzalezmartha@example.org,2025-05-17 15:15:46.244474
490,Rebecca,Faulkner,porterphilip@example.org,2025-06-23 17:37:03.762460
491,Andrea,Walker,tylerwebb@example.com,2025-02-22 23:34:19.731484
492,Susan,Dominguez,christianlisa@example.com,2025-06-27 22:30:30.186196
493,Jeremy,Carter,hannafrank@example.net,2025-03-22 14:57:44.370130
494,Amanda,Mcclure,martin26@example.net,2025-06-03 16:44:41.651355
495,Curtis,Brown,amanda31@example.org,2025-01-01 15:53:26.193803
496,William,Griffin,rojasdonald@example.com,2025-02-04 06:03:32.686717
497,Lindsay,Henry,lsmith@example.com,2025-03-10 03:22:51.190066
498,Jessica,Holland,ebarker@example.net,2025-04-11 23:40:46.201327
499,Amy,Townsend,ashleyhowe@example.org,2025-08-13 05:14:58.995799
500,Andrew,Smith,danafrancis@example.com,2025-09-05 21:58:23.258467
